<?xml version="1.0" encoding="UTF-8"?>
<project-private xmlns="http://www.netbeans.org/ns/project-private/1">
    <editor-bookmarks xmlns="http://www.netbeans.org/ns/editor-bookmarks/2" lastBookmarkId="0"/>
    <open-files xmlns="http://www.netbeans.org/ns/projectui-open-files/2">
        <group>
            <file>file:/C:/Users/chinh/OneDrive/Máy%20tính/java-swing-login-main/src/swing/PanelSlide.java</file>
            <file>file:/C:/Users/chinh/OneDrive/Máy%20tính/java-swing-login-main/src/swing/PanelBorder.java</file>
            <file>file:/C:/Users/chinh/OneDrive/Máy%20tính/java-swing-login-main/src/main/Main.java</file>
            <file>file:/C:/Users/chinh/OneDrive/Máy%20tính/java-swing-login-main/src/main/Login.java</file>
            <file>file:/C:/Users/chinh/OneDrive/Máy%20tính/java-swing-login-main/src/main/Register.java</file>
            <file>file:/C:/Users/chinh/OneDrive/Máy%20tính/java-swing-login-main/src/swing/PanelGradiente.java</file>
        </group>
    </open-files>
</project-private>
